method,nn_distance_to_real_train,nn_real_train_index,synthetic_idx
shortcut_50,16.375267028808594,17,0
shortcut_50,16.5085506439209,75,1
shortcut_50,14.010807037353516,146,2
shortcut_50,14.036149978637695,63,3
shortcut_50,16.15580940246582,87,4
shortcut_50,14.503510475158691,166,5
shortcut_50,17.09214210510254,163,6
shortcut_50,14.862068176269531,69,7
shortcut_50,15.196355819702148,27,8
shortcut_50,14.873588562011719,171,9
shortcut_50,15.065969467163086,75,10
shortcut_50,15.001996040344238,166,11
shortcut_50,14.964871406555176,26,12
shortcut_50,15.810880661010742,82,13
shortcut_50,15.568469047546387,47,14
shortcut_50,14.62260627746582,119,15
shortcut_50,15.317325592041016,108,16
shortcut_50,15.388097763061523,133,17
shortcut_50,16.124902725219727,170,18
shortcut_50,15.159124374389648,81,19
shortcut_50,14.505498886108398,146,20
shortcut_50,14.7639799118042,108,21
shortcut_50,16.158649444580078,109,22
shortcut_50,15.13748550415039,81,23
shortcut_50,15.711882591247559,166,24
shortcut_50,14.794116973876953,93,25
shortcut_50,14.94093132019043,100,26
shortcut_50,14.799473762512207,55,27
shortcut_50,15.173201560974121,98,28
shortcut_50,15.25508975982666,93,29
shortcut_50,15.139703750610352,100,30
shortcut_50,16.504030227661133,79,31
shortcut_50,14.841686248779297,122,32
shortcut_50,14.697649955749512,171,33
shortcut_50,15.869800567626953,67,34
shortcut_50,16.873247146606445,147,35
shortcut_50,15.114815711975098,168,36
shortcut_50,15.122406005859375,93,37
shortcut_50,16.197856903076172,163,38
shortcut_50,15.066001892089844,63,39
shortcut_50,14.798392295837402,90,40
shortcut_50,15.678027153015137,55,41
shortcut_50,15.625271797180176,90,42
shortcut_50,16.945693969726562,167,43
shortcut_50,14.403539657592773,63,44
shortcut_50,14.975118637084961,176,45
shortcut_50,15.17870807647705,86,46
shortcut_50,15.686960220336914,90,47
shortcut_50,15.636336326599121,0,48
shortcut_50,15.075308799743652,106,49
shortcut_50,16.360431671142578,23,50
shortcut_50,14.158830642700195,27,51
shortcut_50,17.612226486206055,173,52
shortcut_50,18.202363967895508,163,53
shortcut_50,16.00202178955078,22,54
shortcut_50,14.594833374023438,63,55
shortcut_50,15.482251167297363,155,56
shortcut_50,15.4878511428833,150,57
shortcut_50,16.204782485961914,106,58
shortcut_50,16.032215118408203,0,59
shortcut_50,15.591723442077637,68,60
shortcut_50,16.74451446533203,106,61
shortcut_50,14.484564781188965,63,62
shortcut_50,14.832347869873047,176,63
shortcut_50,14.93210220336914,19,64
shortcut_50,15.176247596740723,63,65
shortcut_50,16.514307022094727,41,66
shortcut_50,15.343229293823242,24,67
shortcut_50,15.171070098876953,122,68
shortcut_50,15.875602722167969,75,69
shortcut_50,16.182781219482422,19,70
shortcut_50,15.481719017028809,123,71
shortcut_50,16.50505828857422,156,72
shortcut_50,14.266068458557129,106,73
shortcut_50,14.6948823928833,108,74
shortcut_50,16.71235466003418,106,75
shortcut_50,15.475227355957031,161,76
shortcut_50,16.514137268066406,19,77
shortcut_50,14.54746150970459,122,78
shortcut_50,16.034414291381836,155,79
shortcut_50,15.202034950256348,129,80
shortcut_50,14.786240577697754,132,81
shortcut_50,15.07524585723877,18,82
shortcut_50,14.066411018371582,133,83
shortcut_50,16.28067398071289,8,84
shortcut_50,14.375887870788574,22,85
shortcut_50,15.932106971740723,155,86
shortcut_50,16.407514572143555,79,87
shortcut_50,15.536884307861328,100,88
shortcut_50,15.005880355834961,171,89
shortcut_50,16.49143409729004,75,90
shortcut_50,15.837830543518066,85,91
shortcut_50,15.20816421508789,58,92
shortcut_50,15.576298713684082,113,93
shortcut_50,16.612207412719727,45,94
shortcut_50,16.02829360961914,87,95
shortcut_50,15.187582969665527,27,96
shortcut_50,15.952277183532715,46,97
shortcut_50,14.3797025680542,75,98
shortcut_50,14.82746410369873,69,99
shortcut_50,14.264568328857422,132,100
shortcut_50,16.474098205566406,64,101
shortcut_50,14.884014129638672,85,102
shortcut_50,15.026514053344727,100,103
shortcut_50,16.028051376342773,102,104
shortcut_50,15.65608024597168,171,105
shortcut_50,15.319047927856445,113,106
shortcut_50,15.763158798217773,8,107
shortcut_50,16.40230941772461,58,108
shortcut_50,14.317033767700195,119,109
shortcut_50,16.061996459960938,32,110
shortcut_50,15.257339477539062,16,111
shortcut_50,16.889484405517578,75,112
shortcut_50,16.753786087036133,79,113
shortcut_50,15.55831241607666,171,114
shortcut_50,15.574631690979004,100,115
shortcut_50,15.546350479125977,150,116
shortcut_50,14.934348106384277,5,117
shortcut_50,16.245258331298828,121,118
shortcut_50,17.368005752563477,176,119
shortcut_50,17.12546157836914,45,120
shortcut_50,14.616220474243164,171,121
shortcut_50,16.15927505493164,28,122
shortcut_50,15.525886535644531,145,123
shortcut_50,14.233831405639648,117,124
shortcut_50,15.682143211364746,93,125
shortcut_50,16.259384155273438,123,126
shortcut_50,15.809927940368652,14,127
shortcut_50,15.783940315246582,117,128
shortcut_50,15.110800743103027,105,129
shortcut_50,15.151487350463867,140,130
shortcut_50,16.113616943359375,41,131
shortcut_50,16.355026245117188,106,132
shortcut_50,15.656830787658691,81,133
shortcut_50,15.664432525634766,48,134
shortcut_50,13.793675422668457,108,135
shortcut_50,16.388259887695312,97,136
shortcut_50,14.88827896118164,31,137
shortcut_50,16.870155334472656,108,138
shortcut_50,16.029817581176758,50,139
shortcut_50,15.947335243225098,82,140
shortcut_50,14.932369232177734,155,141
shortcut_50,15.224078178405762,117,142
shortcut_50,15.131937026977539,156,143
shortcut_50,15.499755859375,24,144
shortcut_50,17.492473602294922,82,145
shortcut_50,14.946048736572266,176,146
shortcut_50,14.662221908569336,27,147
shortcut_50,15.407892227172852,113,148
shortcut_50,14.655299186706543,86,149
shortcut_50,17.602497100830078,163,150
shortcut_50,14.916351318359375,55,151
shortcut_50,14.94998836517334,22,152
shortcut_50,14.932666778564453,171,153
shortcut_50,14.950427055358887,21,154
shortcut_50,14.13112735748291,63,155
shortcut_50,14.139076232910156,63,156
shortcut_50,14.612595558166504,49,157
shortcut_50,15.034821510314941,98,158
shortcut_50,15.921963691711426,111,159
shortcut_50,15.676896095275879,134,160
shortcut_50,16.595991134643555,137,161
shortcut_50,14.969367027282715,106,162
shortcut_50,14.463163375854492,54,163
shortcut_50,15.67668628692627,100,164
shortcut_50,14.940778732299805,54,165
shortcut_50,13.877728462219238,63,166
shortcut_50,16.180286407470703,176,167
shortcut_50,18.532264709472656,41,168
shortcut_50,15.506535530090332,170,169
shortcut_50,15.077956199645996,81,170
shortcut_50,14.899064064025879,171,171
shortcut_50,17.789379119873047,67,172
shortcut_50,14.759967803955078,96,173
shortcut_50,15.052700996398926,171,174
shortcut_50,14.212508201599121,18,175
shortcut_50,15.26619815826416,100,176
shortcut_50,15.019736289978027,166,177
shortcut_50,14.952299118041992,144,178
shortcut_50,16.075599670410156,5,179
shortcut_50,15.194758415222168,136,180
shortcut_50,15.69169807434082,100,181
shortcut_50,14.620261192321777,26,182
shortcut_50,14.28489875793457,155,183
shortcut_50,15.00828742980957,150,184
shortcut_50,15.114745140075684,161,185
shortcut_50,15.162928581237793,26,186
shortcut_50,14.836709022521973,144,187
shortcut_50,15.398470878601074,50,188
shortcut_50,15.800935745239258,17,189
shortcut_50,15.50363826751709,170,190
shortcut_50,16.9853515625,142,191
shortcut_50,15.995888710021973,121,192
shortcut_50,15.90257453918457,166,193
shortcut_50,15.301941871643066,84,194
shortcut_50,14.180858612060547,108,195
shortcut_50,18.570650100708008,75,196
shortcut_50,15.351781845092773,93,197
shortcut_50,14.721060752868652,100,198
shortcut_50,14.84179401397705,81,199
shortcut_50,15.117239952087402,2,200
shortcut_50,15.243143081665039,140,201
shortcut_50,14.398711204528809,128,202
shortcut_50,15.299180030822754,171,203
shortcut_50,14.238566398620605,27,204
shortcut_50,15.70413875579834,98,205
shortcut_50,16.095703125,176,206
shortcut_50,15.31425666809082,155,207
shortcut_50,16.3215389251709,81,208
shortcut_50,14.556146621704102,145,209
shortcut_50,16.534900665283203,161,210
shortcut_50,14.562655448913574,18,211
shortcut_50,15.771255493164062,166,212
shortcut_50,14.901946067810059,166,213
shortcut_50,15.280076026916504,0,214
shortcut_50,15.365348815917969,63,215
shortcut_50,15.495111465454102,166,216
shortcut_50,15.014608383178711,0,217
shortcut_50,15.669146537780762,121,218
shortcut_50,14.703655242919922,146,219
shortcut_50,16.862314224243164,41,220
shortcut_50,15.300787925720215,155,221
shortcut_50,15.250388145446777,58,222
shortcut_50,14.5177583694458,75,223
shortcut_50,15.835742950439453,167,224
shortcut_50,14.886859893798828,108,225
shortcut_50,14.831068992614746,106,226
shortcut_50,16.315927505493164,174,227
shortcut_50,16.6356201171875,50,228
shortcut_50,16.03329849243164,120,229
shortcut_50,14.32142448425293,155,230
shortcut_50,14.79646110534668,93,231
shortcut_50,15.032379150390625,54,232
shortcut_50,14.86304759979248,49,233
shortcut_50,15.71327018737793,75,234
shortcut_50,15.284542083740234,58,235
shortcut_50,15.045320510864258,20,236
shortcut_50,14.998503684997559,108,237
shortcut_50,16.7944393157959,21,238
shortcut_50,15.506667137145996,115,239
shortcut_50,17.905559539794922,78,240
shortcut_50,14.767860412597656,117,241
shortcut_50,15.557647705078125,98,242
shortcut_50,14.58001708984375,81,243
shortcut_50,16.04119110107422,0,244
shortcut_50,15.680633544921875,142,245
shortcut_50,17.254987716674805,78,246
shortcut_50,16.58608627319336,107,247
shortcut_50,15.9384183883667,166,248
shortcut_50,14.964734077453613,111,249
shortcut_50,15.114561080932617,23,250
shortcut_50,15.510902404785156,98,251
shortcut_50,15.7941312789917,6,252
shortcut_50,15.051473617553711,93,253
shortcut_50,16.0344181060791,63,254
shortcut_50,15.38826847076416,132,255
shortcut_50,14.968697547912598,171,256
shortcut_50,14.646014213562012,166,257
shortcut_50,17.56573486328125,171,258
shortcut_50,14.515045166015625,140,259
shortcut_50,15.940561294555664,113,260
shortcut_50,14.440387725830078,115,261
shortcut_50,16.787181854248047,96,262
shortcut_50,14.79598617553711,100,263
shortcut_50,16.04621124267578,6,264
shortcut_50,14.189116477966309,106,265
shortcut_50,15.299036026000977,155,266
shortcut_50,14.673187255859375,119,267
shortcut_50,14.526056289672852,63,268
shortcut_50,15.19372844696045,176,269
shortcut_50,15.95861530303955,166,270
shortcut_50,15.10606861114502,166,271
shortcut_50,15.300141334533691,26,272
shortcut_50,16.927854537963867,23,273
shortcut_50,16.127565383911133,107,274
shortcut_50,16.912607192993164,176,275
shortcut_50,15.29297161102295,117,276
shortcut_50,16.13671112060547,108,277
shortcut_50,15.981867790222168,50,278
shortcut_50,14.519319534301758,18,279
shortcut_50,14.788630485534668,55,280
shortcut_50,15.43925666809082,5,281
shortcut_50,15.525708198547363,145,282
shortcut_50,15.09866714477539,27,283
shortcut_50,15.141573905944824,117,284
shortcut_50,15.057958602905273,119,285
shortcut_50,16.85451889038086,50,286
shortcut_50,14.875869750976562,171,287
shortcut_50,16.26719856262207,155,288
shortcut_50,14.549544334411621,171,289
shortcut_50,16.364023208618164,107,290
shortcut_50,14.960405349731445,18,291
shortcut_50,14.726078987121582,63,292
shortcut_50,14.505154609680176,108,293
shortcut_50,14.860451698303223,117,294
shortcut_50,16.82196617126465,88,295
shortcut_50,15.452902793884277,81,296
shortcut_50,14.512173652648926,119,297
shortcut_50,14.94210433959961,161,298
shortcut_50,14.72265911102295,20,299
shortcut_50,15.350204467773438,41,300
shortcut_50,14.442441940307617,123,301
shortcut_50,15.6170654296875,155,302
shortcut_50,15.450697898864746,117,303
shortcut_50,16.055355072021484,100,304
shortcut_50,15.353381156921387,85,305
shortcut_50,14.353227615356445,98,306
shortcut_50,15.789134979248047,75,307
shortcut_50,15.038610458374023,18,308
shortcut_50,13.650657653808594,63,309
shortcut_50,16.215587615966797,106,310
shortcut_50,15.127388000488281,100,311
shortcut_50,16.81089973449707,163,312
shortcut_50,16.147098541259766,163,313
shortcut_50,15.706766128540039,58,314
shortcut_50,14.352442741394043,27,315
shortcut_50,14.618831634521484,108,316
shortcut_50,15.995244026184082,133,317
shortcut_50,14.558752059936523,106,318
shortcut_50,14.267393112182617,161,319
shortcut_50,15.27159595489502,75,320
shortcut_50,17.30565643310547,178,321
shortcut_50,15.013199806213379,64,322
shortcut_50,15.246553421020508,174,323
shortcut_50,15.092700958251953,0,324
shortcut_50,15.053082466125488,93,325
shortcut_50,15.643453598022461,75,326
shortcut_50,15.21594524383545,114,327
shortcut_50,14.572930335998535,146,328
shortcut_50,15.40084171295166,124,329
shortcut_50,16.669767379760742,123,330
shortcut_50,15.465648651123047,29,331
shortcut_50,14.382097244262695,100,332
shortcut_50,14.284039497375488,155,333
shortcut_50,13.700936317443848,26,334
shortcut_50,15.65938949584961,156,335
shortcut_50,15.571755409240723,97,336
shortcut_50,15.72864055633545,142,337
shortcut_50,15.071629524230957,81,338
shortcut_50,14.920748710632324,100,339
shortcut_50,14.730975151062012,161,340
shortcut_50,14.88432788848877,166,341
shortcut_50,15.172345161437988,170,342
shortcut_50,15.488377571105957,171,343
shortcut_50,14.877434730529785,171,344
shortcut_50,15.183280944824219,96,345
shortcut_50,14.391258239746094,98,346
shortcut_50,15.950291633605957,132,347
shortcut_50,15.824554443359375,133,348
shortcut_50,15.209733963012695,22,349
shortcut_50,16.11467933654785,75,350
shortcut_50,15.569772720336914,151,351
shortcut_50,16.72593879699707,171,352
shortcut_50,15.599247932434082,26,353
shortcut_50,14.853456497192383,18,354
shortcut_50,15.854597091674805,113,355
shortcut_50,15.264921188354492,27,356
shortcut_50,16.01140785217285,104,357
shortcut_50,13.974668502807617,171,358
shortcut_50,15.991384506225586,160,359
shortcut_50,15.32042407989502,113,360
shortcut_50,15.331774711608887,18,361
shortcut_50,16.27534294128418,17,362
shortcut_50,15.445747375488281,42,363
shortcut_50,16.40583610534668,41,364
shortcut_50,14.39481258392334,166,365
shortcut_50,15.419258117675781,0,366
shortcut_50,15.819548606872559,166,367
shortcut_50,15.157137870788574,19,368
shortcut_50,14.7880277633667,69,369
shortcut_50,14.922113418579102,96,370
shortcut_50,16.140483856201172,145,371
shortcut_50,15.958085060119629,88,372
shortcut_50,16.265684127807617,142,373
shortcut_50,16.10895347595215,106,374
shortcut_50,15.784809112548828,106,375
shortcut_50,15.027922630310059,6,376
shortcut_50,15.494661331176758,90,377
shortcut_50,15.747710227966309,142,378
shortcut_50,17.539199829101562,79,379
shortcut_50,15.388409614562988,158,380
shortcut_50,16.714954376220703,48,381
shortcut_50,15.686336517333984,27,382
shortcut_50,15.888553619384766,22,383
shortcut_50,15.892974853515625,1,384
shortcut_50,14.826476097106934,20,385
shortcut_50,14.272993087768555,47,386
shortcut_50,17.021047592163086,115,387
shortcut_50,15.41259765625,166,388
shortcut_50,16.02108383178711,41,389
shortcut_50,13.988391876220703,63,390
shortcut_50,15.667802810668945,155,391
shortcut_50,14.927074432373047,81,392
shortcut_50,15.17253589630127,166,393
shortcut_50,15.69439697265625,176,394
shortcut_50,15.473689079284668,171,395
shortcut_50,16.637744903564453,78,396
shortcut_50,15.100263595581055,97,397
shortcut_50,15.414076805114746,47,398
shortcut_50,15.480366706848145,117,399
shortcut_50,15.85899829864502,19,400
shortcut_50,14.79588794708252,58,401
shortcut_50,15.57822036743164,81,402
shortcut_50,16.45073127746582,41,403
shortcut_50,16.940797805786133,109,404
shortcut_50,13.930506706237793,18,405
shortcut_50,16.011531829833984,6,406
shortcut_50,15.365391731262207,81,407
shortcut_50,15.566131591796875,124,408
shortcut_50,14.255619049072266,22,409
shortcut_50,15.791470527648926,104,410
shortcut_50,15.043824195861816,26,411
shortcut_50,15.126527786254883,128,412
shortcut_50,15.077568054199219,20,413
shortcut_50,15.537575721740723,93,414
shortcut_50,14.500765800476074,161,415
shortcut_50,15.916582107543945,122,416
shortcut_50,15.209115028381348,166,417
shortcut_50,15.88410758972168,176,418
shortcut_50,14.291535377502441,55,419
shortcut_50,18.04771614074707,67,420
shortcut_50,15.832756042480469,55,421
shortcut_50,14.81277847290039,170,422
shortcut_50,16.275442123413086,17,423
shortcut_50,15.34614372253418,161,424
shortcut_50,15.999931335449219,121,425
shortcut_50,14.684751510620117,171,426
shortcut_50,15.106600761413574,151,427
shortcut_50,15.611572265625,171,428
shortcut_50,14.692998886108398,85,429
shortcut_50,14.850132942199707,20,430
shortcut_50,15.02683162689209,111,431
shortcut_50,15.077428817749023,119,432
shortcut_50,15.223856925964355,170,433
shortcut_50,15.241297721862793,166,434
shortcut_50,16.29021644592285,161,435
shortcut_50,16.180206298828125,53,436
shortcut_50,15.525362014770508,28,437
shortcut_50,14.399773597717285,18,438
shortcut_50,15.727710723876953,113,439
shortcut_50,16.253360748291016,113,440
shortcut_50,16.51666259765625,88,441
shortcut_50,15.961628913879395,151,442
shortcut_50,15.473762512207031,75,443
shortcut_50,15.837071418762207,79,444
shortcut_50,16.076974868774414,121,445
shortcut_50,16.076623916625977,147,446
shortcut_50,15.233519554138184,20,447
shortcut_50,15.65464973449707,174,448
shortcut_50,15.177277565002441,100,449
shortcut_50,15.480613708496094,31,450
shortcut_50,15.432055473327637,100,451
shortcut_50,15.679060935974121,102,452
shortcut_50,16.61077117919922,102,453
shortcut_50,16.498310089111328,148,454
shortcut_50,17.160131454467773,100,455
shortcut_50,15.041182518005371,176,456
shortcut_50,15.832356452941895,79,457
shortcut_50,16.783475875854492,174,458
shortcut_50,17.620267868041992,67,459
shortcut_50,15.074234008789062,166,460
shortcut_50,16.54950523376465,45,461
shortcut_50,15.308928489685059,58,462
shortcut_50,14.558101654052734,117,463
shortcut_50,16.109479904174805,93,464
shortcut_50,15.26014518737793,98,465
shortcut_50,15.731078147888184,121,466
shortcut_50,15.738123893737793,110,467
shortcut_50,16.586048126220703,106,468
shortcut_50,17.002378463745117,87,469
shortcut_50,14.286368370056152,166,470
shortcut_50,15.575485229492188,97,471
shortcut_50,15.18172836303711,106,472
shortcut_50,15.836764335632324,166,473
shortcut_50,14.692219734191895,63,474
shortcut_50,16.606666564941406,142,475
shortcut_50,15.397323608398438,174,476
shortcut_50,14.638182640075684,171,477
shortcut_50,16.815893173217773,138,478
shortcut_50,16.204391479492188,131,479
shortcut_50,15.470166206359863,19,480
shortcut_50,14.696908950805664,75,481
shortcut_50,15.151366233825684,176,482
shortcut_50,14.69400691986084,19,483
shortcut_50,14.757795333862305,86,484
shortcut_50,16.066911697387695,16,485
shortcut_50,18.00193977355957,79,486
shortcut_50,14.498848915100098,63,487
shortcut_50,16.793245315551758,5,488
shortcut_50,15.521023750305176,131,489
shortcut_50,15.307833671569824,98,490
shortcut_50,16.59038734436035,100,491
shortcut_50,16.341346740722656,172,492
shortcut_50,16.578664779663086,166,493
shortcut_50,15.499163627624512,58,494
shortcut_50,14.707850456237793,6,495
shortcut_50,14.98229694366455,115,496
shortcut_50,15.552173614501953,98,497
shortcut_50,14.883461952209473,106,498
shortcut_50,14.861845016479492,155,499
consistency_4,13.763765335083008,145,0
consistency_4,13.057626724243164,63,1
consistency_4,13.094548225402832,117,2
consistency_4,13.750551223754883,113,3
consistency_4,13.253668785095215,18,4
consistency_4,13.361191749572754,18,5
consistency_4,13.634538650512695,93,6
consistency_4,13.38198471069336,18,7
consistency_4,13.427397727966309,18,8
consistency_4,13.495311737060547,18,9
consistency_4,14.267960548400879,93,10
consistency_4,14.115313529968262,75,11
consistency_4,13.651619911193848,117,12
consistency_4,13.946256637573242,18,13
consistency_4,13.29580020904541,18,14
consistency_4,13.657614707946777,63,15
consistency_4,13.534356117248535,93,16
consistency_4,13.54241943359375,63,17
consistency_4,13.767265319824219,75,18
consistency_4,13.426135063171387,18,19
consistency_4,13.717239379882812,93,20
consistency_4,14.195686340332031,19,21
consistency_4,12.898883819580078,18,22
consistency_4,13.744339942932129,18,23
consistency_4,13.223974227905273,18,24
consistency_4,13.495607376098633,63,25
consistency_4,13.863184928894043,145,26
consistency_4,13.337535858154297,18,27
consistency_4,13.657937049865723,93,28
consistency_4,13.527289390563965,18,29
consistency_4,13.210039138793945,18,30
consistency_4,13.872438430786133,18,31
consistency_4,13.857528686523438,18,32
consistency_4,13.92246150970459,117,33
consistency_4,14.301240921020508,75,34
consistency_4,13.475504875183105,63,35
consistency_4,13.685121536254883,18,36
consistency_4,13.875582695007324,166,37
consistency_4,13.796028137207031,166,38
consistency_4,13.268853187561035,63,39
consistency_4,13.922059059143066,117,40
consistency_4,13.231477737426758,93,41
consistency_4,13.601825714111328,18,42
consistency_4,13.492029190063477,18,43
consistency_4,14.066839218139648,6,44
consistency_4,13.39657974243164,18,45
consistency_4,14.283451080322266,75,46
consistency_4,14.676809310913086,113,47
consistency_4,13.686819076538086,18,48
consistency_4,14.278045654296875,113,49
consistency_4,13.476240158081055,93,50
consistency_4,13.787087440490723,49,51
consistency_4,14.16006851196289,75,52
consistency_4,13.627997398376465,18,53
consistency_4,13.704349517822266,18,54
consistency_4,13.51559066772461,18,55
consistency_4,13.990853309631348,18,56
consistency_4,12.671111106872559,63,57
consistency_4,14.001559257507324,18,58
consistency_4,13.604544639587402,117,59
consistency_4,13.800190925598145,19,60
consistency_4,14.108207702636719,6,61
consistency_4,13.927730560302734,96,62
consistency_4,13.46493148803711,18,63
consistency_4,13.499958992004395,47,64
consistency_4,13.929922103881836,18,65
consistency_4,13.481071472167969,18,66
consistency_4,13.923832893371582,113,67
consistency_4,13.912155151367188,19,68
consistency_4,14.087377548217773,19,69
consistency_4,12.882611274719238,18,70
consistency_4,13.804515838623047,113,71
consistency_4,13.675397872924805,18,72
consistency_4,13.515963554382324,18,73
consistency_4,14.257813453674316,166,74
consistency_4,13.899267196655273,47,75
consistency_4,13.858695983886719,113,76
consistency_4,13.66712760925293,93,77
consistency_4,13.530689239501953,117,78
consistency_4,13.252248764038086,18,79
consistency_4,13.721142768859863,18,80
consistency_4,13.842840194702148,113,81
consistency_4,13.48442554473877,18,82
consistency_4,13.916190147399902,19,83
consistency_4,13.926432609558105,117,84
consistency_4,13.710909843444824,113,85
consistency_4,13.569731712341309,18,86
consistency_4,13.210774421691895,93,87
consistency_4,13.906835556030273,113,88
consistency_4,13.595797538757324,47,89
consistency_4,14.128975868225098,18,90
consistency_4,14.40227222442627,93,91
consistency_4,13.764941215515137,93,92
consistency_4,14.368636131286621,18,93
consistency_4,13.83489990234375,18,94
consistency_4,13.329315185546875,47,95
consistency_4,13.862407684326172,113,96
consistency_4,13.064854621887207,18,97
consistency_4,14.25456714630127,113,98
consistency_4,14.054492950439453,18,99
consistency_4,13.929797172546387,75,100
consistency_4,13.68190860748291,18,101
consistency_4,14.05894947052002,145,102
consistency_4,13.664050102233887,75,103
consistency_4,13.563940048217773,49,104
consistency_4,13.823995590209961,18,105
consistency_4,13.947749137878418,113,106
consistency_4,13.58071231842041,18,107
consistency_4,13.676051139831543,171,108
consistency_4,14.107398986816406,19,109
consistency_4,12.838756561279297,63,110
consistency_4,13.906218528747559,47,111
consistency_4,13.463371276855469,18,112
consistency_4,13.568262100219727,63,113
consistency_4,14.060491561889648,93,114
consistency_4,14.058034896850586,113,115
consistency_4,12.860427856445312,63,116
consistency_4,14.060327529907227,18,117
consistency_4,13.112826347351074,113,118
consistency_4,13.157838821411133,63,119
consistency_4,13.853696823120117,75,120
consistency_4,13.659785270690918,93,121
consistency_4,13.706350326538086,18,122
consistency_4,14.244404792785645,117,123
consistency_4,13.521711349487305,18,124
consistency_4,13.039481163024902,18,125
consistency_4,13.175785064697266,18,126
consistency_4,13.663421630859375,63,127
consistency_4,13.490828514099121,18,128
consistency_4,12.633418083190918,18,129
consistency_4,13.87592601776123,113,130
consistency_4,13.450045585632324,93,131
consistency_4,12.772623062133789,18,132
consistency_4,13.859935760498047,19,133
consistency_4,14.123034477233887,18,134
consistency_4,13.157913208007812,63,135
consistency_4,13.611737251281738,18,136
consistency_4,13.768858909606934,6,137
consistency_4,13.594650268554688,18,138
consistency_4,13.132661819458008,18,139
consistency_4,14.219366073608398,19,140
consistency_4,13.87478256225586,18,141
consistency_4,13.531455039978027,18,142
consistency_4,13.788506507873535,47,143
consistency_4,12.937082290649414,18,144
consistency_4,13.514030456542969,18,145
consistency_4,14.139019012451172,145,146
consistency_4,13.06364917755127,18,147
consistency_4,13.150837898254395,18,148
consistency_4,13.5032377243042,18,149
consistency_4,14.105249404907227,93,150
consistency_4,13.395783424377441,18,151
consistency_4,14.07595157623291,93,152
consistency_4,13.3939790725708,18,153
consistency_4,13.579146385192871,93,154
consistency_4,13.825651168823242,18,155
consistency_4,13.705108642578125,63,156
consistency_4,14.078974723815918,93,157
consistency_4,13.970396041870117,93,158
consistency_4,13.243134498596191,63,159
consistency_4,14.001439094543457,75,160
consistency_4,14.168320655822754,75,161
consistency_4,13.131363868713379,18,162
consistency_4,12.93259048461914,63,163
consistency_4,13.735795021057129,113,164
consistency_4,13.357439041137695,117,165
consistency_4,13.617433547973633,63,166
consistency_4,13.797545433044434,75,167
consistency_4,13.516637802124023,117,168
consistency_4,13.320115089416504,18,169
consistency_4,13.44278621673584,18,170
consistency_4,14.006452560424805,63,171
consistency_4,13.347636222839355,113,172
consistency_4,14.077962875366211,113,173
consistency_4,13.367769241333008,63,174
consistency_4,13.898155212402344,18,175
consistency_4,13.602407455444336,18,176
consistency_4,13.100730895996094,18,177
consistency_4,13.039546012878418,63,178
consistency_4,13.377848625183105,113,179
consistency_4,13.589580535888672,18,180
consistency_4,13.8241605758667,93,181
consistency_4,13.392349243164062,117,182
consistency_4,13.929916381835938,63,183
consistency_4,13.137162208557129,18,184
consistency_4,13.569969177246094,18,185
consistency_4,13.556412696838379,113,186
consistency_4,13.919508934020996,63,187
consistency_4,13.481935501098633,18,188
consistency_4,13.55982494354248,113,189
consistency_4,13.982931137084961,117,190
consistency_4,13.836259841918945,113,191
consistency_4,13.725149154663086,18,192
consistency_4,13.731345176696777,63,193
consistency_4,13.50095272064209,18,194
consistency_4,13.570423126220703,18,195
consistency_4,13.102928161621094,18,196
consistency_4,13.572525024414062,113,197
consistency_4,13.371773719787598,63,198
consistency_4,13.330703735351562,63,199
consistency_4,13.176790237426758,18,200
consistency_4,13.406061172485352,18,201
consistency_4,13.895200729370117,113,202
consistency_4,13.466599464416504,18,203
consistency_4,13.484703063964844,18,204
consistency_4,13.516465187072754,18,205
consistency_4,13.87708854675293,63,206
consistency_4,13.949287414550781,19,207
consistency_4,14.243979454040527,113,208
consistency_4,13.709386825561523,6,209
consistency_4,13.774141311645508,18,210
consistency_4,13.890752792358398,18,211
consistency_4,13.588823318481445,18,212
consistency_4,13.531492233276367,75,213
consistency_4,13.512777328491211,18,214
consistency_4,13.8673677444458,18,215
consistency_4,13.620327949523926,47,216
consistency_4,13.121182441711426,93,217
consistency_4,13.446550369262695,18,218
consistency_4,13.434680938720703,18,219
consistency_4,13.71792984008789,49,220
consistency_4,14.103471755981445,18,221
consistency_4,13.542848587036133,113,222
consistency_4,13.135628700256348,18,223
consistency_4,13.857731819152832,18,224
consistency_4,13.082599639892578,18,225
consistency_4,13.77269458770752,18,226
consistency_4,13.875747680664062,113,227
consistency_4,13.841806411743164,63,228
consistency_4,13.719603538513184,63,229
consistency_4,14.060195922851562,93,230
consistency_4,13.072361946105957,18,231
consistency_4,13.761772155761719,18,232
consistency_4,13.592293739318848,63,233
consistency_4,13.122950553894043,47,234
consistency_4,14.002532958984375,75,235
consistency_4,14.083154678344727,75,236
consistency_4,13.894159317016602,93,237
consistency_4,14.02617073059082,18,238
consistency_4,14.03823184967041,18,239
consistency_4,13.702357292175293,113,240
consistency_4,13.378946304321289,18,241
consistency_4,13.554464340209961,18,242
consistency_4,14.21448040008545,113,243
consistency_4,13.850939750671387,166,244
consistency_4,13.579473495483398,113,245
consistency_4,13.018993377685547,18,246
consistency_4,14.187662124633789,18,247
consistency_4,13.698136329650879,63,248
consistency_4,13.619969367980957,18,249
consistency_4,14.057901382446289,145,250
consistency_4,13.398219108581543,47,251
consistency_4,13.361330032348633,18,252
consistency_4,13.88807201385498,18,253
consistency_4,13.402433395385742,63,254
consistency_4,14.236276626586914,145,255
consistency_4,13.481882095336914,18,256
consistency_4,14.120723724365234,18,257
consistency_4,13.865104675292969,18,258
consistency_4,13.580360412597656,18,259
consistency_4,14.146838188171387,145,260
consistency_4,13.94154167175293,113,261
consistency_4,14.161389350891113,117,262
consistency_4,13.546060562133789,113,263
consistency_4,13.472750663757324,63,264
consistency_4,13.965543746948242,117,265
consistency_4,13.53819751739502,18,266
consistency_4,13.666970252990723,18,267
consistency_4,13.97667121887207,75,268
consistency_4,13.962664604187012,18,269
consistency_4,13.135775566101074,18,270
consistency_4,13.798051834106445,113,271
consistency_4,13.418930053710938,63,272
consistency_4,13.017459869384766,18,273
consistency_4,13.807846069335938,18,274
consistency_4,14.083436012268066,18,275
consistency_4,13.475062370300293,18,276
consistency_4,12.616758346557617,18,277
consistency_4,14.047518730163574,113,278
consistency_4,13.649827003479004,113,279
consistency_4,13.848104476928711,113,280
consistency_4,13.343337059020996,18,281
consistency_4,13.931134223937988,49,282
consistency_4,13.380762100219727,63,283
consistency_4,13.549078941345215,113,284
consistency_4,13.630911827087402,18,285
consistency_4,13.790092468261719,63,286
consistency_4,13.815402030944824,18,287
consistency_4,13.311701774597168,18,288
consistency_4,13.91739273071289,18,289
consistency_4,13.076080322265625,47,290
consistency_4,13.812983512878418,63,291
consistency_4,13.734270095825195,63,292
consistency_4,14.209602355957031,18,293
consistency_4,13.752100944519043,113,294
consistency_4,12.854666709899902,18,295
consistency_4,14.10207748413086,145,296
consistency_4,14.27366828918457,19,297
consistency_4,14.073162078857422,75,298
consistency_4,13.22461223602295,63,299
consistency_4,13.888473510742188,113,300
consistency_4,13.625588417053223,63,301
consistency_4,14.180298805236816,19,302
consistency_4,14.002124786376953,18,303
consistency_4,14.038003921508789,75,304
consistency_4,13.609171867370605,117,305
consistency_4,14.053841590881348,75,306
consistency_4,13.57818603515625,63,307
consistency_4,13.257613182067871,18,308
consistency_4,13.716496467590332,113,309
consistency_4,13.963054656982422,113,310
consistency_4,13.637682914733887,18,311
consistency_4,13.44051456451416,93,312
consistency_4,14.28726863861084,18,313
consistency_4,14.371319770812988,6,314
consistency_4,13.465482711791992,18,315
consistency_4,13.714374542236328,113,316
consistency_4,13.760753631591797,75,317
consistency_4,13.48951530456543,117,318
consistency_4,13.490012168884277,93,319
consistency_4,14.12132453918457,18,320
consistency_4,13.811502456665039,18,321
consistency_4,13.097631454467773,18,322
consistency_4,14.111343383789062,18,323
consistency_4,13.92892074584961,19,324
consistency_4,13.757593154907227,49,325
consistency_4,13.37330150604248,18,326
consistency_4,14.245539665222168,113,327
consistency_4,14.034829139709473,18,328
consistency_4,13.631355285644531,18,329
consistency_4,13.633378028869629,113,330
consistency_4,13.748645782470703,18,331
consistency_4,14.204506874084473,113,332
consistency_4,13.56919002532959,49,333
consistency_4,14.234880447387695,113,334
consistency_4,13.488664627075195,47,335
consistency_4,14.034599304199219,145,336
consistency_4,13.475829124450684,18,337
consistency_4,13.657261848449707,18,338
consistency_4,13.943595886230469,63,339
consistency_4,13.91301155090332,19,340
consistency_4,14.096519470214844,93,341
consistency_4,13.664985656738281,113,342
consistency_4,13.443717956542969,75,343
consistency_4,14.020164489746094,18,344
consistency_4,14.32150650024414,166,345
consistency_4,13.282605171203613,18,346
consistency_4,14.15169906616211,75,347
consistency_4,13.568265914916992,18,348
consistency_4,13.215594291687012,18,349
consistency_4,13.682080268859863,93,350
consistency_4,14.221165657043457,93,351
consistency_4,13.687980651855469,18,352
consistency_4,13.654892921447754,19,353
consistency_4,13.797815322875977,75,354
consistency_4,13.990199089050293,18,355
consistency_4,14.069995880126953,113,356
consistency_4,13.121389389038086,18,357
consistency_4,13.37401008605957,18,358
consistency_4,13.790155410766602,75,359
consistency_4,13.518377304077148,18,360
consistency_4,13.713330268859863,18,361
consistency_4,13.540983200073242,113,362
consistency_4,14.106256484985352,6,363
consistency_4,14.590527534484863,145,364
consistency_4,13.566387176513672,18,365
consistency_4,13.99718189239502,18,366
consistency_4,14.087660789489746,18,367
consistency_4,13.361017227172852,18,368
consistency_4,13.230085372924805,63,369
consistency_4,13.430806159973145,18,370
consistency_4,13.067052841186523,63,371
consistency_4,13.055915832519531,63,372
consistency_4,14.27560043334961,75,373
consistency_4,13.650179862976074,93,374
consistency_4,13.425470352172852,18,375
consistency_4,14.023751258850098,75,376
consistency_4,14.0289306640625,18,377
consistency_4,14.297677993774414,75,378
consistency_4,14.11842155456543,75,379
consistency_4,14.222481727600098,166,380
consistency_4,13.360321044921875,18,381
consistency_4,13.413043975830078,18,382
consistency_4,13.130829811096191,18,383
consistency_4,14.11640453338623,113,384
consistency_4,13.734529495239258,113,385
consistency_4,13.846895217895508,18,386
consistency_4,12.594456672668457,63,387
consistency_4,13.752931594848633,113,388
consistency_4,13.548043251037598,113,389
consistency_4,13.38766860961914,18,390
consistency_4,13.618767738342285,93,391
consistency_4,13.524510383605957,18,392
consistency_4,13.293096542358398,18,393
consistency_4,13.70618724822998,63,394
consistency_4,13.85054874420166,117,395
consistency_4,14.16822624206543,18,396
consistency_4,14.23123836517334,19,397
consistency_4,13.847702980041504,18,398
consistency_4,13.964072227478027,113,399
consistency_4,13.720806121826172,18,400
consistency_4,13.480530738830566,93,401
consistency_4,14.191801071166992,6,402
consistency_4,13.907102584838867,93,403
consistency_4,13.637316703796387,113,404
consistency_4,13.731990814208984,18,405
consistency_4,12.774707794189453,18,406
consistency_4,13.722590446472168,18,407
consistency_4,13.809416770935059,18,408
consistency_4,14.726905822753906,145,409
consistency_4,13.382307052612305,18,410
consistency_4,14.075820922851562,63,411
consistency_4,13.995977401733398,6,412
consistency_4,13.006014823913574,18,413
consistency_4,13.86403751373291,18,414
consistency_4,13.88061237335205,117,415
consistency_4,13.993998527526855,18,416
consistency_4,13.006623268127441,18,417
consistency_4,14.002802848815918,18,418
consistency_4,13.954516410827637,113,419
consistency_4,13.751157760620117,18,420
consistency_4,13.528403282165527,93,421
consistency_4,14.158185958862305,117,422
consistency_4,14.088385581970215,113,423
consistency_4,13.188456535339355,18,424
consistency_4,14.314849853515625,6,425
consistency_4,13.371417045593262,18,426
consistency_4,13.510824203491211,117,427
consistency_4,13.457298278808594,113,428
consistency_4,13.125521659851074,18,429
consistency_4,13.646466255187988,113,430
consistency_4,14.204791069030762,18,431
consistency_4,13.754066467285156,18,432
consistency_4,13.940134048461914,100,433
consistency_4,13.80489730834961,18,434
consistency_4,12.800917625427246,63,435
consistency_4,13.406791687011719,63,436
consistency_4,13.98788070678711,6,437
consistency_4,14.124602317810059,113,438
consistency_4,14.024942398071289,75,439
consistency_4,13.699878692626953,113,440
consistency_4,13.725860595703125,18,441
consistency_4,13.156135559082031,63,442
consistency_4,13.7263822555542,19,443
consistency_4,14.89651870727539,47,444
consistency_4,13.42293643951416,18,445
consistency_4,13.630900382995605,63,446
consistency_4,14.268366813659668,113,447
consistency_4,13.463990211486816,18,448
consistency_4,13.995951652526855,18,449
consistency_4,13.211549758911133,18,450
consistency_4,13.650712013244629,18,451
consistency_4,14.000940322875977,18,452
consistency_4,12.685114860534668,18,453
consistency_4,13.862072944641113,18,454
consistency_4,14.137681007385254,75,455
consistency_4,14.054601669311523,75,456
consistency_4,13.345478057861328,18,457
consistency_4,14.306878089904785,19,458
consistency_4,14.428169250488281,93,459
consistency_4,13.408215522766113,63,460
consistency_4,13.843667030334473,18,461
consistency_4,13.478263854980469,63,462
consistency_4,13.53445053100586,93,463
consistency_4,13.39779281616211,18,464
consistency_4,13.18557071685791,18,465
consistency_4,14.102028846740723,113,466
consistency_4,13.752066612243652,18,467
consistency_4,14.099544525146484,18,468
consistency_4,13.713417053222656,18,469
consistency_4,14.35019302368164,19,470
consistency_4,13.927345275878906,18,471
consistency_4,12.87320327758789,18,472
consistency_4,13.72000789642334,63,473
consistency_4,14.042011260986328,113,474
consistency_4,13.702279090881348,18,475
consistency_4,13.358912467956543,18,476
consistency_4,14.421951293945312,145,477
consistency_4,13.872920989990234,93,478
consistency_4,13.642783164978027,93,479
consistency_4,13.004045486450195,18,480
consistency_4,13.652896881103516,117,481
consistency_4,13.76971435546875,113,482
consistency_4,13.377626419067383,18,483
consistency_4,13.398350715637207,18,484
consistency_4,14.044261932373047,75,485
consistency_4,14.068882942199707,19,486
consistency_4,14.080442428588867,75,487
consistency_4,13.838665962219238,18,488
consistency_4,13.65164566040039,18,489
consistency_4,13.917571067810059,113,490
consistency_4,12.98109245300293,18,491
consistency_4,13.296808242797852,63,492
consistency_4,13.252309799194336,18,493
consistency_4,13.895852088928223,75,494
consistency_4,13.521254539489746,93,495
consistency_4,14.026923179626465,47,496
consistency_4,13.295100212097168,63,497
consistency_4,14.069962501525879,75,498
consistency_4,13.860074996948242,18,499
